name,salary_from,salary_to,salary_currency,area_name,published_at
Стажер UX/UI-дизайнер,15000,,RUR,Санкт-Петербург,2022-12-25T10:51:56+0300
Руководитель проектов,200000,,RUR,Москва,2022-12-25T10:45:14+0300
UX/UI дизайнер-стажер,15000,,RUR,Новокузнецк,2022-12-25T10:51:29+0300
Дизайнер,25000,35000,RUR,Барнаул,2022-12-25T10:30:43+0300
QA web,,,,Москва,2022-12-25T09:43:48+0300
Инженер-программист микроконтроллеров (STM32),140000,,RUR,Москва,2022-12-25T09:58:54+0300
Владелец Продукта / Product Owner,,5000,USD,Москва,2022-12-25T10:11:49+0300
Заместитель главного редактора,,,,Севастополь,2022-12-25T01:39:29+0300
Оператор камнеобрабатывающего станка,1500,2500,BYR,Минск,2022-12-25T11:29:10+0300
Специалист технической поддержки,55000,,RUR,Тверь,2022-12-25T08:08:09+0300
Руководитель проектов / Коммерческий директор / Директор по развитию,80000,,RUR,Нижний Новгород,2022-12-25T11:22:10+0300
Backend-разработчик Django,,,,Астана,2022-12-25T08:40:57+0300
Водитель-оператор (вендинг),45000,70000,RUR,Москва,2022-12-25T08:41:29+0300
Программист-разработчик,40000,,RUR,Обнинск,2022-12-25T11:58:50+0300
Frontend developer / Фронтенд разработчик / Web3 developer,,5000,USD,Москва,2022-12-25T10:11:49+0300
QA mob специалист,,,,Москва,2022-12-25T09:43:45+0300
Системный администратор,200000,200000,KZT,Костанай,2022-12-25T09:42:57+0300
Frontend разработчик (Vue.js),90000,,RUR,Иркутск,2022-12-25T07:33:36+0300
Дизайнер-печатник/помощник дизайнера,150000,,KZT,Алматы,2022-12-25T08:39:26+0300
PHP-разработчик,,,,Москва,2022-12-25T07:24:46+0300
Заместитель руководителя группы заказной разработки ПО,180000,400000,RUR,Волгоград,2022-12-25T08:54:44+0300
Руководитель проекта,150000,150000,RUR,Москва,2022-12-25T11:36:22+0300
Project Manager / Руководитель проектов / Менеджер проекта,,,,Москва,2022-12-25T10:11:49+0300
Дизайнер интерьера,150000,,KZT,Шымкент,2022-12-25T11:58:15+0300
Художник-преподаватель в студию рисования,50000,75000,RUR,Красная Поляна,2022-12-25T00:01:39+0300
Руководитель отдела управления НСИ (MDM),200000,,RUR,Екатеринбург,2022-12-25T10:04:22+0300
"Android-разработчик (Лента, ВКонтакте)",,,,Москва,2022-12-25T10:48:54+0300
"ЧПУ Фрезеровщик (наладчик-оператор, металл) / ученик",60000,80000,RUR,Симферополь,2022-12-25T07:21:13+0300
Бизнес Системный аналитик / Business System Analyst,,,,Москва,2022-12-25T10:11:50+0300
Дизайнер/Офис менеджер/Оператор ПК,10000,15000,RUR,Ростов-на-Дону,2022-12-25T11:10:38+0300
Специалист технического обслуживания/Техник,40000,70000,RUR,Санкт-Петербург,2022-12-25T09:02:34+0300
Middle/Middle+ Программист Embedded С,,,,Минск,2022-12-25T10:49:23+0300
Монтажник ВОЛС,70000,,RUR,Сыктывкар,2022-12-25T11:28:36+0300
Мастер по ремонту телефонов и планшетов,40000,70000,RUR,Новосибирск,2022-12-25T07:26:33+0300
Специалист технической поддержки и электронного документооборота,,,,Москва,2022-12-25T08:10:02+0300
Technical Leader / Tech Lead,,6500,USD,Москва,2022-12-25T10:11:50+0300
Системный аналитик,,,,Москва,2022-12-25T10:55:43+0300
Системный инженер Linux,,,,Москва,2022-12-25T08:52:28+0300
Начальник бригады систем управления контентом,50000,,RUR,Пермь,2022-12-25T09:42:56+0300
Оператор печатных машин в оперативной полиграфии/дизайнер,30000,,RUR,Омск,2022-12-25T04:14:41+0300
"Сотрудник послепродажного сопровождения клиентов (промышленное оборудование), г.Люберцы",60000,,RUR,Москва,2022-12-25T10:40:58+0300
Авиационный механик службы перронного обеспечения воздушных судов,45000,,RUR,Сургут,2022-12-25T09:42:34+0300
Site Reliability Engineer,,,,Пермь,2022-12-25T08:11:15+0300
Главный механик на строящийся завод по регенерации отработанных масел,100000,,RUR,Армавир,2022-12-25T09:42:52+0300
Наладчик КИПиА,27900,,RUR,Барнаул,2022-12-25T10:49:23+0300
Системный аналитик,70000,,RUR,Екатеринбург,2022-12-25T08:11:16+0300
Разработчик Bitrix24,,,,Москва,2022-12-25T10:05:13+0300
Электромеханик по средствам автоматики и приборам технологического оборудования,45000,50000,RUR,Ижевск,2022-12-25T10:50:56+0300
Мастер производственного обучения,35000,45000,RUR,Санкт-Петербург,2022-12-25T10:50:09+0300
Golang разработчик (Тинькофф Инвестиции),,,,Казань,2022-12-25T08:11:15+0300
Golang разработчик (Тинькофф Инвестиции),,,,Ростов-на-Дону,2022-12-25T08:11:15+0300
Токарь,50000,55000,RUR,Омск,2022-12-25T11:51:36+0300
Ведущий системный инженер (Пассажирский транспорт),180000,,RUR,Москва,2022-12-25T10:10:52+0300
Программист САПР,100000,200000,RUR,Севастополь,2022-12-25T11:37:37+0300
"Android-разработчик (Лента, ВКонтакте)",,,,Санкт-Петербург,2022-12-25T10:48:54+0300
Lead Android Developer в EdTech стартап,,250000,RUR,Москва,2022-12-25T07:31:31+0300
Оператор линии СМД-монтажа,35000,45000,RUR,Ульяновск,2022-12-25T08:41:11+0300
Зуборезчик,70000,100000,RUR,Колпино,2022-12-25T10:49:23+0300
Программист 1C,,,,Белгород,2022-12-25T11:55:33+0300
Токарь-расточник,75000,120000,RUR,Колпино,2022-12-25T09:42:59+0300
Главный механик (г. Белово),47872,47872,RUR,Белово,2022-12-25T06:10:33+0300
Flutter разработчик (middle+/senior),,,,Брянск,2022-12-25T11:58:15+0300
Программист 1С,,,,Астана,2022-12-25T09:45:58+0300
"Фрезеровщик с ЧПУ, Ново-Ленино",50000,60000,RUR,Иркутск,2022-12-25T11:49:27+0300
Оператор станка с ЧПУ,,80000,RUR,Симферополь,2022-12-25T11:37:37+0300
Инженер КИПиА,,,,Москва,2022-12-25T11:56:44+0300
Golang разработчик (Тинькофф Инвестиции),,,,Екатеринбург,2022-12-25T08:11:14+0300
Руководитель технической поддержки,,75000,RUR,Казань,2022-12-25T11:33:27+0300
C# developer (middle),,,,Тула,2022-12-25T11:10:59+0300
Системный администратор Linux,,,,Санкт-Петербург,2022-12-25T00:42:04+0300
Инженер-механик по системе УМОШ,,,,Нижневартовск,2022-12-25T11:56:44+0300
Специалист контакт-центра (удалённо),24000,42000,RUR,Оренбург,2022-12-25T11:55:37+0300
Выездной мастер по ремонту холодильников,50000,,RUR,Томск,2022-12-25T05:51:10+0300
Программист 1С (БП и ЗУП),,,,Москва,2022-12-25T10:04:59+0300
Токарь ЧПУ Ново-Ленино,50000,60000,RUR,Иркутск,2022-12-25T11:49:27+0300
Разработчик Bitrix24,,,,Санкт-Петербург,2022-12-25T10:05:29+0300
Токарь,,45000,RUR,Навашино,2022-12-25T08:39:41+0300
Младший разработчик баз данных MS SQL/Data engineer,,,,Москва,2022-12-25T11:11:30+0300
Ведущий аналитик 1С,,,,Санкт-Петербург,2022-12-25T10:05:41+0300
Golang разработчик (Тинькофф Инвестиции),,,,Краснодар,2022-12-25T08:11:14+0300
Главный механик золотоизвлекательной фабрики,150000,180000,RUR,Иркутск,2022-12-25T06:43:30+0300
Маляр,42000,,RUR,Санкт-Петербург,2022-12-25T10:48:29+0300
Токарь,,45000,RUR,Кулебаки,2022-12-25T08:39:40+0300
Инженер по информационной безопасности / Information Security Expert,,,,Москва,2022-12-25T10:50:16+0300
Токарь,,45000,RUR,Выкса,2022-12-25T08:39:41+0300
Разработчик Oracle (подсистема «Кредиты»),,,,Новосибирск,2022-12-25T05:35:53+0300
QA Engineer (Auto на Java) / Ведущий инженер по тестированию,,,,Москва,2022-12-25T10:05:05+0300
Токарь,,45000,RUR,Муром,2022-12-25T08:39:41+0300
Фрезеровщик 3-4 разряда,,,,Ковдор,2022-12-25T10:49:23+0300
Ведущий инженер-программист (web-разработчик),,,,Новосибирск,2022-12-25T06:37:20+0300
Мастер по ремонту оборудования (выездной) с графиком работы 2/2,40000,60000,RUR,Санкт-Петербург,2022-12-25T11:39:30+0300
Фрезеровщик,123300,123300,RUR,Новосибирск,2022-12-25T02:41:08+0300
Golang разработчик (Тинькофф Инвестиции),,,,Сочи,2022-12-25T08:11:15+0300
Фрезеровщик,123300,123300,RUR,Чита,2022-12-25T02:41:08+0300
Технический директор,,,,Барнаул,2022-12-25T05:10:44+0300
Frontend-разработчик (React),80000,,RUR,Ростов-на-Дону,2022-12-25T14:32:46+0300
"Frontend-разработчик (HTML/CSS/JS/React), middle",,,,Нижний Новгород,2022-12-25T21:37:25+0300
Маркетолог,,,,Екатеринбург,2022-12-25T12:10:45+0300
Web-дизайнер,1100,1600,BYR,Минск,2022-12-25T15:58:54+0300
Разработчик фронтэнда,30000,60000,RUR,Москва,2022-12-25T18:42:12+0300
Разработчик фронтэнда,30000,60000,RUR,Санкт-Петербург,2022-12-25T18:42:12+0300
UX / UI designer,,,,Москва,2022-12-25T18:34:04+0300
QA-инженер,,,,Санкт-Петербург,2022-12-25T13:07:01+0300
Руководитель проектов (БПЛА),,,,Москва,2022-12-25T12:10:24+0300
Frontend React Middle Программист,60000,100000,RUR,Москва,2022-12-25T17:56:43+0300
Начальник отдела информационных технологий и связи,50000,50000,RUR,Липецк,2022-12-25T20:08:40+0300
Веб-разработчик,70000,100000,RUR,Москва,2022-12-25T14:42:29+0300
Менеджер маркетплейсов,40000,,RUR,Москва,2022-12-25T17:54:07+0300
Аналитик,,100000,RUR,Москва,2022-12-25T20:07:09+0300
Web-программист,70000,,RUR,Санкт-Петербург,2022-12-25T22:18:39+0300
Арт-менеджер,30000,,RUR,Санкт-Петербург,2022-12-25T14:06:29+0300
Руководитель станции технического обслуживания,100000,,RUR,Коломна,2022-12-25T16:11:05+0300
Технический директор,220000,,RUR,Москва,2022-12-25T17:30:40+0300
Управляющий недвижимостью в Рязани,60000,65000,RUR,Рязань,2022-12-25T17:34:49+0300
Секретарь,40000,45000,RUR,Казань,2022-12-25T13:31:20+0300
Manual QA Engineer/Тестировщик,,,,Москва,2022-12-25T23:35:27+0300
Преподаватель Информатики,45000,60000,RUR,Уфа,2022-12-25T23:10:06+0300
Системный администратор сетей кабельного телевидения (КТВ),50000,,RUR,Торжок,2022-12-25T22:19:19+0300
Руководитель федерального проекта (Партнёр),100000,200000,RUR,Владивосток,2022-12-25T15:02:13+0300
Оператор станка с ЧПУ,70000,,RUR,Москва,2022-12-25T14:47:05+0300
Главный механик,40000,50000,RUR,Кинель,2022-12-25T15:52:19+0300
Data Engineer в команду DWH,,,,Москва,2022-12-25T16:22:04+0300
Разработчик Wordpress сайтов,150000,500000,KZT,Алматы,2022-12-25T20:26:19+0300
Flutter разработчик,200000,,RUR,Москва,2022-12-25T12:06:43+0300
"Финансовый журналист (акции, облигации) в Санкт-Петербург",60000,100000,RUR,Санкт-Петербург,2022-12-25T15:15:31+0300
Программист JS,120000,220000,RUR,Екатеринбург,2022-12-25T13:03:28+0300
Оператор-наладчик ЧПУ,60000,80000,RUR,Нижний Новгород,2022-12-25T16:30:14+0300
Руководитель стратегических проектов,,,,Москва,2022-12-25T19:34:35+0300
Ведущий front-end разработчик,,,,Москва,2022-12-25T16:27:23+0300
Электромеханик (специалист по подключению проводного интернета),1000,,BYR,Брест,2022-12-25T21:59:52+0300
Product Lead (B2B),,,,Москва,2022-12-25T16:26:22+0300
Middle Java разработчик (Backend-разработчик),130000,160000,RUR,Москва,2022-12-25T13:03:38+0300
Сервисный инженер,65000,,RUR,Санкт-Петербург,2022-12-25T21:59:37+0300
Инженер по безопасности дорожного движения,,,,Петрозаводск,2022-12-25T20:28:03+0300
Инженер-программист,34400,34400,RUR,Астрахань,2022-12-25T22:34:21+0300
Журналист-редактор,25000,50000,RUR,Таганрог,2022-12-25T14:08:53+0300
Frontend Middle+/Senior React (remote),,,,Санкт-Петербург,2022-12-25T16:20:46+0300
Техник по обслуживанию слаботочных систем,40000,60000,RUR,Волгоград,2022-12-25T18:59:53+0300
Программист,80000,,RUR,Москва,2022-12-25T13:03:38+0300
Специалист по техобслуживанию БС сотовой связи,70000,130000,RUR,Москва,2022-12-25T17:49:38+0300
Product Owner,,,,Москва,2022-12-25T13:58:19+0300
Бизнес-аналитик,,,,Москва,2022-12-25T13:58:15+0300
Специалист службы поддержки со знанием английского языка,35000,,RUR,Курск,2022-12-25T18:31:54+0300
Инженер-механик,150000,,RUR,Хабаровск,2022-12-25T15:21:55+0300
Системный администратор сетей кабельного телевидения (КТВ),50000,,RUR,Великий Новгород,2022-12-25T22:17:55+0300
Руководитель-партнер проектной команды 1с,200000,2000000,RUR,Москва,2022-12-25T23:57:20+0300
Линейный механик,90000,100000,RUR,Тюмень,2022-12-25T21:37:02+0300
Мастер по обслуживанию абонентов,65000,,RUR,Кудрово,2022-12-25T21:59:20+0300
Инженер-программист 1 категории ИТ,32000,32000,RUR,Калининград,2022-12-25T12:02:52+0300
Администратор информационной безопасности,200000,,RUR,Москва,2022-12-25T16:25:29+0300
Java разработчик (Платформа),,,,Санкт-Петербург,2022-12-25T16:21:14+0300
Руководитель 2-й линии поддержки вычислительной инфраструктуры,,,,Екатеринбург,2022-12-25T13:06:42+0300
IOS developer,,,,Минск,2022-12-25T15:27:24+0300
Системный администратор,35000,50000,RUR,Волгоград,2022-12-25T19:09:26+0300
Специалист технической поддержки 1С,,,,Москва,2022-12-25T13:35:12+0300
Commercial Quality Manager Russia & CIS,,,,Москва,2022-12-25T17:29:16+0300
QA Engineer / Тестировщик WEB-приложений в офис,65000,120000,RUR,Псков,2022-12-25T18:31:56+0300
Сюрвейер,,,,Санкт-Петербург,2022-12-25T14:09:44+0300
Senior Product manager (Operations&Logistics),,,,Москва,2022-12-25T16:26:45+0300
Инженер 1-й линии АБС ЦФТ,40000,60000,RUR,Кострома,2022-12-25T12:10:42+0300
Специалист по моделированию и расчетам,85000,,RUR,Воронеж,2022-12-25T15:15:21+0300
Middle C# developer,100000,150000,RUR,Москва,2022-12-25T20:05:23+0300
Программист отдела информационно-технического обеспечения,,,,Рязань,2022-12-25T16:22:02+0300
Менеджер по продукту,,,,Минск,2022-12-25T13:41:46+0300
Ведущий разработчик 1С,250000,,RUR,Москва,2022-12-25T16:25:35+0300
Помощник менеджера проектов,35000,,RUR,Москва,2022-12-25T19:19:46+0300
Системный аналитик,,,,Москва,2022-12-25T13:04:17+0300
Python Developer Центр HR TECH (Проект Цифровой Ассистент),,,,Москва,2022-12-25T16:23:13+0300
Инженер по безопасности дорожного движения,,,,Мурманск,2022-12-25T20:28:03+0300
Руководитель департамента e-commerce,190000,,RUR,Нижний Новгород,2022-12-25T22:38:01+0300
Механик по выпуску горных машин и транспорта,110000,,RUR,Красноярск,2022-12-25T12:00:42+0300
Инженер DevOps,180000,250000,RUR,Псков,2022-12-25T18:31:56+0300
Специалист технической поддержки (удаленно),,32000,RUR,Великий Новгород,2022-12-25T21:59:49+0300
Аналитик товародвижения в отдел e-com,,,,Москва,2022-12-25T19:20:22+0300
"Мастер / Инженер по ремонту iPhone, iPad и Android",40000,55000,RUR,Ярославль,2022-12-25T13:55:43+0300
Инженер-механик,,,,Волгоград,2022-12-25T22:56:17+0300
Технический специалист,50000,,RUR,Петрозаводск,2022-12-25T18:31:54+0300
Оператор call-центра,35000,37000,RUR,Ростов-на-Дону,2022-12-25T21:48:32+0300
Cистемный администратор в команду облачного хранилища,,,,Санкт-Петербург,2022-12-25T17:31:43+0300
Инженер-электроник,34400,34400,RUR,Астрахань,2022-12-25T22:34:03+0300
QA Automation,,,,Москва,2022-12-25T16:24:18+0300
Инженер 1 категории в службу технической поддержки пользователей,88550,,RUR,Сосновый Бор (Ленинградская область),2022-12-25T14:09:17+0300
Сервисный инженер - стажер,20000,35000,RUR,Владивосток,2022-12-25T15:49:30+0300
Менеджер по разработке кредитных продуктов (потребительское кредитование),,,,Москва,2022-12-25T14:15:04+0300
"Frontend developer (Angular, middle+/senior)",,,,Санкт-Петербург,2022-12-25T19:10:41+0300
Инженер регионального центра управления,47000,52650,RUR,Казань,2022-12-25T14:09:51+0300
Инженер-электроник,60000,,RUR,Екатеринбург,2022-12-25T21:11:04+0300
Инженер 1-й линии АБС ЦФТ,40000,60000,RUR,Новосибирск,2022-12-25T12:10:02+0300
Deep Learning and Computer Vision Engineer,,,,Минск,2022-12-25T15:19:11+0300
Главный механик,40000,50000,RUR,Смышляевка,2022-12-25T15:52:09+0300
Системный программист С++,,,,Санкт-Петербург,2022-12-25T13:09:04+0300
"Механик гаража, Сертолово",38000,,RUR,Сертолово,2022-12-25T16:26:02+0300
Ведущий программист 1С (удаленно),120000,250000,RUR,Москва,2022-12-25T23:57:07+0300
Системный аналитик (CRM),,,,Москва,2022-12-25T14:09:47+0300
Токарь на станок HAAS,120000,,RUR,Москва,2022-12-25T20:14:20+0300
Android developer,350000,,RUR,Москва,2022-12-25T16:21:57+0300
Системный аналитик,,,,Москва,2022-12-25T19:34:32+0300
Инженер-механик,130000,,RUR,Красноярск,2022-12-25T15:22:05+0300
Lead frontend разработчик,,250000,RUR,Москва,2022-12-25T17:30:59+0300
Инженер (разработчик технической документации/инженер отдела качества),50000,,RUR,Воронеж,2022-12-25T15:15:21+0300
Программист Oracle,,,,Москва,2022-12-25T19:34:13+0300
Аналитик товародвижения,,,,Москва,2022-12-25T19:20:28+0300
Тимлид разработки БД ETL,,,,Москва,2022-12-25T13:04:08+0300
Руководитель привлечения через Альфа-Банк,,,,Москва,2022-12-25T13:06:28+0300
PHP-разработчик,,,,Москва,2022-12-25T13:04:16+0300
Senior C/C++ Engineer (switch to Julia),6000,,USD,Москва,2022-12-25T18:34:01+0300
Руководитель отдела разработки системного ПО (Верификация),,,,Москва,2022-12-25T15:15:48+0300
Механик по выпуску горных машин и транспорта,110000,,RUR,Кемерово,2022-12-25T12:00:42+0300
Middle python developer,170000,200000,RUR,Москва,2022-12-25T19:34:22+0300
Копирайтер,,,,Москва,2022-12-25T19:51:32+0300
Программист С++,,,,Санкт-Петербург,2022-12-25T14:09:31+0300
Оператор станков с ЧПУ,,,,Тольятти,2022-12-25T19:10:36+0300
IOS разработчик,,,,Санкт-Петербург,2022-12-25T17:08:29+0300
Разработчик систем бизнес анализа,,,,Воронеж,2022-12-25T13:07:22+0300
Специалист по внедрению АБС,,,,Брянск,2022-12-25T17:17:31+0300
"Frontend developer (Angular, middle+/senior)",,,,Москва,2022-12-25T19:10:41+0300
Портфельный аналитик,,,,Москва,2022-12-25T17:29:02+0300
Ведущий аналитик 1С ERP,160000,300000,RUR,Москва,2022-12-25T23:57:44+0300
Фрезеровщик,70000,,RUR,Ростов-на-Дону,2022-12-25T13:11:00+0300
Game Design Manager (Midcore),,,,Москва,2022-12-25T13:04:13+0300
Старший программист,,,,Москва,2022-12-25T21:19:50+0300
Project manager/Системный аналитик,,,,Москва,2022-12-25T13:08:18+0300
Инженер - наладчик технологического оборудования,70000,,RUR,Солнечногорск,2022-12-25T14:12:11+0300
Team Lead Java developer (Spark),,,,Москва,2022-12-25T12:57:41+0300
Программист 1C / Разработчик 1С,,,,Москва,2022-12-25T20:20:48+0300
DevOPS Engineer,,,,Санкт-Петербург,2022-12-25T12:25:38+0300
Токарь,90000,,RUR,Красноярск,2022-12-25T12:00:09+0300
Фрезеровщик 3-4 разряда,35000,45000,RUR,Курск,2022-12-25T21:36:59+0300
Руководитель проекта,,,,Чебоксары,2022-12-25T15:03:14+0300
Монтажник слаботочных сетей/техник,40000,60000,RUR,Кашира,2022-12-25T20:35:45+0300
Инженер-электроник РЭА,90000,,RUR,Москва,2022-12-25T13:03:30+0300
Токарь,90000,,RUR,Иркутск,2022-12-25T12:00:10+0300
Ведущий разработчик БД PostgreSQL,,,,Москва,2022-12-25T16:21:59+0300
Инженер / Контролер отдела технического контроля со знанием СМК (Микроэлектроника),55000,,RUR,Санкт-Петербург,2022-12-25T22:23:12+0300
"Ведущий аналитик на внедрении 1С: ERP, Бюджетирование / Управленческий учет (удаленно)",170000,,RUR,Санкт-Петербург,2022-12-25T21:37:05+0300
Ведущий разработчик в команду разработки микросервисной платформы,,,,Москва,2022-12-25T14:09:35+0300
Фрезеровщик,50000,,RUR,Нижний Новгород,2022-12-25T15:15:47+0300
Руководитель проекта консалтинга,150000,200000,RUR,Москва,2022-12-25T13:22:44+0300
Фрезеровщик,70000,,RUR,Липецк,2022-12-25T15:15:29+0300
Аналитик SOC (L2),,,,Краснодар,2022-12-25T21:37:01+0300
Токарь,90000,,RUR,Чита,2022-12-25T12:00:10+0300
Разработчик Go (middle+/senior),,,,Брянск,2022-12-25T15:19:44+0300
"Ведущий аналитик на внедрение 1С ERP, Производство/Склад/Закупки/Продажи (удаленно)",170000,,RUR,Москва,2022-12-25T13:08:49+0300
Токарь/фрезеровщик,,80000,RUR,Челябинск,2022-12-25T12:10:09+0300
Сервисный инженер,,,,Новосибирск,2022-12-25T15:31:21+0300
Lead Game Designer (Midcore),,,,Санкт-Петербург,2022-12-25T13:04:13+0300
Инженер АСУ,,,,Самарканд,2022-12-25T13:03:49+0300
Офис-менеджер по работе с клиентами (Без продаж),35000,35000,RUR,Липецк,2022-12-25T17:10:55+0300
Программист C#,,,,Москва,2022-12-25T15:16:11+0300
Системный администратор,,,,Москва,2022-12-25T14:09:34+0300
FullStack разработчик (Angular/Node.js),,200000,RUR,Уфа,2022-12-25T13:18:45+0300
"Аналитик на внедрении 1С: ERP, Бюджетирование / Управленческий учет (удаленно)",150000,,RUR,Екатеринбург,2022-12-25T14:10:46+0300
Эксперт в Центр риск-отчетности и аналитики,,,,Москва,2022-12-25T17:28:15+0300
Ведущий специалист по внедрению АБС,,,,Тольятти,2022-12-25T17:17:36+0300
Токарь,35000,45000,RUR,Курск,2022-12-25T22:37:50+0300
Руководитель направления (Служба защиты информации и систем охраны),,,,Москва,2022-12-25T22:44:05+0300
FullStack JAVA Developer (UK/Greece),4000,6000,EUR,Москва,2022-12-25T13:38:44+0300
Токарь,45000,47000,RUR,Каменск-Уральский,2022-12-25T15:15:25+0300
Ведущий программист Oracle PL/SQL (импортозамещение),,,,Самара,2022-12-25T23:05:07+0300
Главный специалист (Сопровождение информационных систем),,,,Тазовский,2022-12-25T16:27:29+0300
Токарь,70000,,RUR,Химки,2022-12-25T14:13:52+0300
Инженер-программист FPGA (FPGA Designer),,,,Москва,2022-12-25T15:15:23+0300
Руководитель проекта 1С,200000,400000,RUR,Москва,2022-12-25T23:56:51+0300
Токарь на универсальный станок в Ноябрьске,,,,Челябинск,2022-12-25T21:57:26+0300
Ведущий специалист по нагрузочному тестированию,,,,Москва,2022-12-25T15:17:30+0300
Администратор SLA,,,,Москва,2022-12-25T12:05:13+0300
Заточник деревообрабатывающего инструмента,28000,30000,RUR,Новомосковск (Тульская область),2022-12-25T12:02:50+0300
Специалист по внедрению / инженер по внедрению,,,,Новосибирск,2022-12-25T17:17:27+0300
Fullstack Developer,,,,Москва,2022-12-25T12:10:51+0300
Team Lead frontend-разработчик vue.js,,,,Москва,2022-12-25T16:21:37+0300
Full-Stack Developer (Technology Consulting),,,,Алматы,2022-12-25T22:37:50+0300
Мастер сервисной службы,50000,,RUR,Казань,2022-12-25T19:59:05+0300
Электромеханик связи,40250,45000,RUR,Сылва (Пермский край),2022-12-25T15:19:04+0300
Специалист службы поддержки с техническими знаниями,15000,40000,RUR,Мытищи,2022-12-25T19:35:15+0300
Наладчик ТПА и выдувных машин,50000,65000,RUR,Екатеринбург,2022-12-25T19:53:27+0300
Специалист службы поддержки с техническими знаниями,15000,40000,RUR,Нижний Тагил,2022-12-25T19:35:16+0300
Специалист службы поддержки с техническими знаниями,15000,40000,RUR,Балашиха,2022-12-25T19:35:07+0300
Инженер-разработчик ASIC,,,,Москва,2022-12-25T15:15:23+0300
Специалист службы поддержки с техническими знаниями,15000,40000,RUR,Подольск (Московская область),2022-12-25T19:35:21+0300
Механик по выпуску горных машин и транспорта,110000,,RUR,Иркутск,2022-12-25T12:00:42+0300
Фрезеровщик (5 разряд),64670,,RUR,Санкт-Петербург,2022-12-25T23:38:13+0300
Механик по выпуску горных машин и транспорта,110000,,RUR,Омск,2022-12-25T12:00:42+0300
Senior DevOps CI/CD,,,,Тбилиси,2022-12-25T12:02:48+0300
1C разработчик,,,,Москва,2022-12-25T20:36:04+0300
Специалист службы поддержки с техническими знаниями,15000,40000,RUR,Пенза,2022-12-25T19:35:22+0300
Специалист службы поддержки с техническими знаниями,15000,40000,RUR,Долгопрудный,2022-12-25T19:35:11+0300
Инженер-схемотехник СВЧ,90000,,RUR,Москва,2022-12-25T13:03:30+0300
Аудитор информационной безопасности серверов,,,,Москва,2022-12-25T16:25:22+0300
Специалист службы поддержки с техническими знаниями,15000,40000,RUR,Сургут,2022-12-25T19:35:26+0300
Специалист службы поддержки с техническими знаниями,15000,40000,RUR,Обнинск,2022-12-25T19:35:17+0300
Специалист службы поддержки с техническими знаниями,15000,40000,RUR,Люберцы,2022-12-25T19:35:14+0300
Функциональный архитектор на внедрении 1С ERP (опер.контур или фин.контур),200000,,RUR,Москва,2022-12-25T23:38:15+0300
Специалист службы поддержки с техническими знаниями,15000,40000,RUR,Смоленск,2022-12-25T19:35:25+0300
Специалист службы поддержки с техническими знаниями,15000,40000,RUR,Иваново (Ивановская область),2022-12-25T19:35:12+0300
Специалист службы поддержки с техническими знаниями,15000,40000,RUR,Тверь,2022-12-25T19:35:26+0300
Рабочий по комплексному обслуживанию зданий,,,,Красноярск,2022-12-25T16:25:31+0300
Senior DevOps CI/CD,,,,Армения,2022-12-25T12:02:47+0300
Главный аналитик в Отдел анализа портфеля кредитных карт (Риски),,,,Москва,2022-12-25T20:17:16+0300
Специалист службы поддержки с техническими знаниями,15000,40000,RUR,Ковров,2022-12-25T19:35:13+0300
Специалист службы поддержки с техническими знаниями,15000,40000,RUR,Пушкино (Московская область),2022-12-25T19:35:22+0300
Python Developer (Senior),,,,Москва,2022-12-25T12:31:31+0300
Ведущий разработчик Ruby on rails (удаленно),,,,Москва,2022-12-25T20:15:25+0300
Программист 1С в IT компанию,,,,Краснодар,2022-12-25T16:06:07+0300
Специалист службы поддержки с техническими знаниями,15000,40000,RUR,Салават,2022-12-25T19:35:24+0300
Специалист службы поддержки с техническими знаниями,15000,40000,RUR,Черкесск,2022-12-25T19:35:29+0300
Специалист службы поддержки с техническими знаниями,15000,40000,RUR,Ульяновск,2022-12-25T19:35:28+0300
Специалист службы поддержки с техническими знаниями,15000,40000,RUR,Назрань,2022-12-25T19:35:15+0300
"Ведущий аналитик на внедрении 1С: ERP, блок продажи, + CRM (удаленно)",170000,,RUR,Санкт-Петербург,2022-12-25T21:37:05+0300
Специалист службы поддержки с техническими знаниями,15000,40000,RUR,Керчь,2022-12-25T19:35:12+0300
Специалист службы поддержки с техническими знаниями,15000,40000,RUR,Сочи,2022-12-25T19:35:27+0300
